fishery,management_area,target,opening_year,sex,size,soft,new,old,very_old,unknown,total
TT06,bristol_bay,tanner_crab,2006,male,86,0,1,0,0,0,1
TT06,bristol_bay,tanner_crab,2006,male,87,0,1,0,0,0,1
TT06,bristol_bay,tanner_crab,2006,male,89,0,1,0,0,0,1
TT06,bristol_bay,tanner_crab,2006,male,90,0,1,0,0,0,1
TT06,bristol_bay,tanner_crab,2006,male,91,0,1,0,0,0,1
TT06,bristol_bay,tanner_crab,2006,male,93,0,3,0,0,0,3
TT06,bristol_bay,tanner_crab,2006,male,94,0,2,0,0,0,2
TT06,bristol_bay,tanner_crab,2006,male,95,0,1,0,0,0,1
TT06,bristol_bay,tanner_crab,2006,male,97,0,2,0,0,0,2
TT06,bristol_bay,tanner_crab,2006,male,98,0,1,0,0,0,1
TT06,bristol_bay,tanner_crab,2006,male,99,0,2,0,0,0,2
TT06,bristol_bay,tanner_crab,2006,male,102,0,6,0,0,0,6
TT06,bristol_bay,tanner_crab,2006,male,103,0,1,0,0,0,1
TT06,bristol_bay,tanner_crab,2006,male,105,0,3,0,0,0,3
TT06,bristol_bay,tanner_crab,2006,male,106,0,2,0,0,0,2
TT06,bristol_bay,tanner_crab,2006,male,107,0,2,0,0,0,2
TT06,bristol_bay,tanner_crab,2006,male,108,0,1,0,0,0,1
TT06,bristol_bay,tanner_crab,2006,male,109,0,3,0,0,0,3
TT06,bristol_bay,tanner_crab,2006,male,110,0,1,0,0,0,1
TT06,bristol_bay,tanner_crab,2006,male,111,0,2,0,0,0,2
TT06,bristol_bay,tanner_crab,2006,male,112,0,5,0,0,0,5
TT06,bristol_bay,tanner_crab,2006,male,113,0,1,0,0,0,1
TT06,bristol_bay,tanner_crab,2006,male,114,0,3,0,0,0,3
TT06,bristol_bay,tanner_crab,2006,male,115,0,4,0,0,0,4
TT06,bristol_bay,tanner_crab,2006,male,116,0,1,0,0,0,1
TT06,bristol_bay,tanner_crab,2006,male,117,0,1,0,0,0,1
TT06,bristol_bay,tanner_crab,2006,male,119,0,1,0,0,0,1
TT06,bristol_bay,tanner_crab,2006,male,120,0,1,0,0,0,1
TT06,bristol_bay,tanner_crab,2006,male,121,0,1,0,0,0,1
TT06,bristol_bay,tanner_crab,2006,male,122,0,2,0,0,0,2
TT06,bristol_bay,tanner_crab,2006,male,123,0,3,0,0,0,3
TT06,bristol_bay,tanner_crab,2006,male,125,0,2,0,0,0,2
TT06,bristol_bay,tanner_crab,2006,male,127,0,1,0,0,0,1
TT06,bristol_bay,tanner_crab,2006,male,129,0,1,0,0,0,1
TT06,bristol_bay,tanner_crab,2006,male,131,0,2,0,0,0,2
TT06,bristol_bay,tanner_crab,2006,male,132,0,5,0,0,0,5
TT06,bristol_bay,tanner_crab,2006,male,133,0,1,0,0,0,1
TT06,bristol_bay,tanner_crab,2006,male,134,0,1,0,0,0,1
TT06,bristol_bay,tanner_crab,2006,male,135,0,3,0,0,0,3
TT06,bristol_bay,tanner_crab,2006,male,136,0,1,0,0,0,1
TT06,bristol_bay,tanner_crab,2006,male,137,0,4,0,0,0,4
TT06,bristol_bay,tanner_crab,2006,male,138,0,5,0,0,0,5
TT06,bristol_bay,tanner_crab,2006,male,139,0,1,0,0,0,1
TT06,bristol_bay,tanner_crab,2006,male,140,0,5,0,0,0,5
TT06,bristol_bay,tanner_crab,2006,male,146,0,1,0,0,0,1
TT07,bristol_bay,tanner_crab,2007,male,109,0,1,0,0,0,1
TT07,bristol_bay,tanner_crab,2007,male,110,0,1,0,0,0,1
TT07,bristol_bay,tanner_crab,2007,male,115,0,1,0,0,0,1
TT07,bristol_bay,tanner_crab,2007,male,118,0,1,0,0,0,1
TT07,bristol_bay,tanner_crab,2007,male,129,0,1,0,0,0,1
TT08,bristol_bay,tanner_crab,2008,male,96,0,1,0,0,0,1
TT08,bristol_bay,tanner_crab,2008,male,104,0,2,0,0,0,2
TT08,bristol_bay,tanner_crab,2008,male,106,0,1,0,0,0,1
TT08,bristol_bay,tanner_crab,2008,male,107,0,1,0,0,0,1
TT08,bristol_bay,tanner_crab,2008,male,108,0,2,0,0,0,2
TT08,bristol_bay,tanner_crab,2008,male,110,0,1,0,0,0,1
TT08,bristol_bay,tanner_crab,2008,male,111,0,2,0,0,0,2
TT08,bristol_bay,tanner_crab,2008,male,112,0,6,0,0,0,6
TT08,bristol_bay,tanner_crab,2008,male,113,0,2,0,0,0,2
TT08,bristol_bay,tanner_crab,2008,male,114,0,2,0,0,0,2
TT08,bristol_bay,tanner_crab,2008,male,115,0,4,0,0,0,4
TT08,bristol_bay,tanner_crab,2008,male,116,0,2,0,0,0,2
TT08,bristol_bay,tanner_crab,2008,male,117,0,4,0,0,0,4
TT08,bristol_bay,tanner_crab,2008,male,118,0,4,0,0,0,4
TT08,bristol_bay,tanner_crab,2008,male,119,0,3,0,0,0,3
TT08,bristol_bay,tanner_crab,2008,male,120,0,1,0,0,0,1
TT08,bristol_bay,tanner_crab,2008,male,121,0,5,0,0,0,5
TT08,bristol_bay,tanner_crab,2008,male,122,0,1,0,0,0,1
TT08,bristol_bay,tanner_crab,2008,male,123,0,1,0,0,0,1
TT08,bristol_bay,tanner_crab,2008,male,124,0,1,0,0,0,1
TT08,bristol_bay,tanner_crab,2008,male,125,0,4,1,0,0,5
TT08,bristol_bay,tanner_crab,2008,male,126,0,0,1,0,0,1
TT08,bristol_bay,tanner_crab,2008,male,127,0,3,3,0,0,6
TT08,bristol_bay,tanner_crab,2008,male,128,0,1,0,0,0,1
TT08,bristol_bay,tanner_crab,2008,male,132,0,1,1,0,0,2
TT08,bristol_bay,tanner_crab,2008,male,133,0,1,2,0,0,3
TT08,bristol_bay,tanner_crab,2008,male,136,0,1,0,0,0,1
TT09,bristol_bay,tanner_crab,2009,male,102,0,1,0,0,0,1
TT09,bristol_bay,tanner_crab,2009,male,106,0,1,0,0,0,1
TT09,bristol_bay,tanner_crab,2009,male,107,0,1,0,0,0,1
TT09,bristol_bay,tanner_crab,2009,male,109,0,1,0,0,0,1
TT09,bristol_bay,tanner_crab,2009,male,111,0,2,0,0,0,2
TT09,bristol_bay,tanner_crab,2009,male,114,0,2,0,0,0,2
TT09,bristol_bay,tanner_crab,2009,male,115,0,2,0,0,0,2
TT09,bristol_bay,tanner_crab,2009,male,118,0,1,0,0,0,1
TT09,bristol_bay,tanner_crab,2009,male,120,0,3,0,0,0,3
TT09,bristol_bay,tanner_crab,2009,male,121,0,1,0,0,0,1
TT09,bristol_bay,tanner_crab,2009,male,122,0,2,0,0,0,2
TT09,bristol_bay,tanner_crab,2009,male,123,0,1,0,0,0,1
TT09,bristol_bay,tanner_crab,2009,male,125,0,2,0,0,0,2
TT09,bristol_bay,tanner_crab,2009,male,126,0,1,0,0,0,1
TT09,bristol_bay,tanner_crab,2009,male,127,0,3,0,0,0,3
TT09,bristol_bay,tanner_crab,2009,male,129,0,4,0,0,0,4
TT09,bristol_bay,tanner_crab,2009,male,130,0,2,0,0,0,2
TT09,bristol_bay,tanner_crab,2009,male,131,0,1,0,0,0,1
TT09,bristol_bay,tanner_crab,2009,male,133,0,1,0,0,0,1
TT09,bristol_bay,tanner_crab,2009,male,134,0,2,0,0,0,2
TT09,bristol_bay,tanner_crab,2009,male,136,0,1,0,0,0,1
TT09,bristol_bay,tanner_crab,2009,male,137,0,4,0,0,0,4
TT09,bristol_bay,tanner_crab,2009,male,138,0,2,0,0,0,2
TT09,bristol_bay,tanner_crab,2009,male,140,0,1,0,0,0,1
TT13,bristol_bay,tanner_crab,2013,male,74,0,1,0,0,0,1
TT13,bristol_bay,tanner_crab,2013,male,90,0,2,0,0,0,2
TT13,bristol_bay,tanner_crab,2013,male,91,0,1,0,0,0,1
TT13,bristol_bay,tanner_crab,2013,male,93,0,2,0,0,0,2
TT13,bristol_bay,tanner_crab,2013,male,94,0,2,0,0,0,2
TT13,bristol_bay,tanner_crab,2013,male,96,0,2,0,0,0,2
TT13,bristol_bay,tanner_crab,2013,male,97,0,1,0,0,0,1
TT13,bristol_bay,tanner_crab,2013,male,98,0,2,0,0,0,2
TT13,bristol_bay,tanner_crab,2013,male,99,0,1,0,0,0,1
TT13,bristol_bay,tanner_crab,2013,male,100,0,3,0,0,0,3
TT13,bristol_bay,tanner_crab,2013,male,102,0,5,0,0,0,5
TT13,bristol_bay,tanner_crab,2013,male,103,0,2,0,0,0,2
TT13,bristol_bay,tanner_crab,2013,male,104,0,1,0,0,0,1
TT13,bristol_bay,tanner_crab,2013,male,105,0,8,0,0,0,8
TT13,bristol_bay,tanner_crab,2013,male,106,0,1,0,0,0,1
TT13,bristol_bay,tanner_crab,2013,male,107,0,2,0,0,0,2
TT13,bristol_bay,tanner_crab,2013,male,108,0,3,0,0,0,3
TT13,bristol_bay,tanner_crab,2013,male,109,0,1,0,0,0,1
TT13,bristol_bay,tanner_crab,2013,male,110,0,8,0,0,0,8
TT13,bristol_bay,tanner_crab,2013,male,111,0,6,0,0,0,6
TT13,bristol_bay,tanner_crab,2013,male,112,0,4,1,0,0,5
TT13,bristol_bay,tanner_crab,2013,male,113,0,4,0,0,0,4
TT13,bristol_bay,tanner_crab,2013,male,114,0,9,0,0,0,9
TT13,bristol_bay,tanner_crab,2013,male,115,0,7,0,0,0,7
TT13,bristol_bay,tanner_crab,2013,male,116,0,2,0,0,0,2
TT13,bristol_bay,tanner_crab,2013,male,117,0,2,0,0,0,2
TT13,bristol_bay,tanner_crab,2013,male,118,0,3,0,0,0,3
TT13,bristol_bay,tanner_crab,2013,male,119,0,2,0,0,0,2
TT13,bristol_bay,tanner_crab,2013,male,120,0,2,1,0,0,3
TT13,bristol_bay,tanner_crab,2013,male,121,0,4,1,0,0,5
TT13,bristol_bay,tanner_crab,2013,male,122,0,3,1,0,0,4
TT13,bristol_bay,tanner_crab,2013,male,123,0,3,0,0,0,3
TT13,bristol_bay,tanner_crab,2013,male,124,0,9,0,0,0,9
TT13,bristol_bay,tanner_crab,2013,male,125,0,5,0,0,0,5
TT13,bristol_bay,tanner_crab,2013,male,126,0,2,1,0,0,3
TT13,bristol_bay,tanner_crab,2013,male,127,0,4,1,0,0,5
TT13,bristol_bay,tanner_crab,2013,male,129,0,1,0,0,0,1
TT13,bristol_bay,tanner_crab,2013,male,130,0,4,0,0,0,4
TT13,bristol_bay,tanner_crab,2013,male,131,0,3,1,0,0,4
TT13,bristol_bay,tanner_crab,2013,male,133,0,2,0,0,0,2
TT13,bristol_bay,tanner_crab,2013,male,134,0,1,2,0,0,3
TT13,bristol_bay,tanner_crab,2013,male,135,0,2,0,0,0,2
TT13,bristol_bay,tanner_crab,2013,male,137,0,1,0,0,0,1
TT13,bristol_bay,tanner_crab,2013,male,138,0,1,0,0,0,1
TT14,bristol_bay,tanner_crab,2014,male,79,0,1,0,0,0,1
TT14,bristol_bay,tanner_crab,2014,male,86,0,2,0,0,0,2
TT14,bristol_bay,tanner_crab,2014,male,87,0,1,0,0,0,1
TT14,bristol_bay,tanner_crab,2014,male,88,0,1,0,0,0,1
TT14,bristol_bay,tanner_crab,2014,male,89,0,1,0,0,0,1
TT14,bristol_bay,tanner_crab,2014,male,90,0,1,0,0,0,1
TT14,bristol_bay,tanner_crab,2014,male,91,0,1,0,0,0,1
TT14,bristol_bay,tanner_crab,2014,male,92,0,2,0,0,0,2
TT14,bristol_bay,tanner_crab,2014,male,94,0,1,0,0,0,1
TT14,bristol_bay,tanner_crab,2014,male,96,0,1,0,0,0,1
TT14,bristol_bay,tanner_crab,2014,male,97,0,2,0,0,0,2
TT14,bristol_bay,tanner_crab,2014,male,98,0,3,0,0,0,3
TT14,bristol_bay,tanner_crab,2014,male,99,0,2,0,0,0,2
TT14,bristol_bay,tanner_crab,2014,male,100,0,2,0,0,0,2
TT14,bristol_bay,tanner_crab,2014,male,101,0,2,0,0,0,2
TT14,bristol_bay,tanner_crab,2014,male,102,0,3,0,0,0,3
TT14,bristol_bay,tanner_crab,2014,male,103,0,1,1,0,0,2
TT14,bristol_bay,tanner_crab,2014,male,104,0,3,0,0,0,3
TT14,bristol_bay,tanner_crab,2014,male,105,0,2,1,0,0,3
TT14,bristol_bay,tanner_crab,2014,male,107,0,3,0,0,0,3
TT14,bristol_bay,tanner_crab,2014,male,108,0,2,0,0,0,2
TT14,bristol_bay,tanner_crab,2014,male,109,0,2,0,0,0,2
TT14,bristol_bay,tanner_crab,2014,male,110,0,5,0,0,0,5
TT14,bristol_bay,tanner_crab,2014,male,111,0,4,0,0,0,4
TT14,bristol_bay,tanner_crab,2014,male,112,0,5,0,0,0,5
TT14,bristol_bay,tanner_crab,2014,male,113,0,2,0,0,0,2
TT14,bristol_bay,tanner_crab,2014,male,114,0,4,0,0,0,4
TT14,bristol_bay,tanner_crab,2014,male,115,0,5,1,0,0,6
TT14,bristol_bay,tanner_crab,2014,male,116,0,1,0,0,0,1
TT14,bristol_bay,tanner_crab,2014,male,117,0,2,0,0,0,2
TT14,bristol_bay,tanner_crab,2014,male,118,0,3,0,0,0,3
TT14,bristol_bay,tanner_crab,2014,male,119,0,2,0,0,0,2
TT14,bristol_bay,tanner_crab,2014,male,120,0,1,0,0,0,1
TT14,bristol_bay,tanner_crab,2014,male,121,0,3,2,0,0,5
TT14,bristol_bay,tanner_crab,2014,male,122,0,3,0,0,0,3
TT14,bristol_bay,tanner_crab,2014,male,123,0,4,0,0,0,4
TT14,bristol_bay,tanner_crab,2014,male,124,0,4,0,0,0,4
TT14,bristol_bay,tanner_crab,2014,male,125,0,4,0,0,0,4
TT14,bristol_bay,tanner_crab,2014,male,126,0,3,0,0,0,3
TT14,bristol_bay,tanner_crab,2014,male,127,0,4,0,0,0,4
TT14,bristol_bay,tanner_crab,2014,male,128,0,3,0,0,0,3
TT14,bristol_bay,tanner_crab,2014,male,129,0,6,0,0,0,6
TT14,bristol_bay,tanner_crab,2014,male,130,0,5,0,0,0,5
TT14,bristol_bay,tanner_crab,2014,male,131,0,3,0,0,0,3
TT14,bristol_bay,tanner_crab,2014,male,132,0,5,1,0,0,6
TT14,bristol_bay,tanner_crab,2014,male,133,0,4,0,0,0,4
TT14,bristol_bay,tanner_crab,2014,male,134,0,2,0,0,0,2
TT14,bristol_bay,tanner_crab,2014,male,135,0,2,0,0,0,2
TT14,bristol_bay,tanner_crab,2014,male,136,0,1,0,0,0,1
TT14,bristol_bay,tanner_crab,2014,male,137,0,1,0,0,0,1
TT14,bristol_bay,tanner_crab,2014,male,138,0,1,0,0,0,1
TT14,bristol_bay,tanner_crab,2014,male,139,0,2,0,0,0,2
TT15,bristol_bay,tanner_crab,2015,male,58,0,1,0,0,0,1
TT15,bristol_bay,tanner_crab,2015,male,59,0,1,0,0,0,1
TT15,bristol_bay,tanner_crab,2015,male,60,0,1,0,0,0,1
TT15,bristol_bay,tanner_crab,2015,male,62,0,2,0,0,0,2
TT15,bristol_bay,tanner_crab,2015,male,66,0,1,0,0,0,1
TT15,bristol_bay,tanner_crab,2015,male,68,0,3,0,0,0,3
TT15,bristol_bay,tanner_crab,2015,male,69,0,1,0,0,0,1
TT15,bristol_bay,tanner_crab,2015,male,70,0,1,0,0,0,1
TT15,bristol_bay,tanner_crab,2015,male,72,0,3,0,0,0,3
TT15,bristol_bay,tanner_crab,2015,male,73,0,3,0,0,0,3
TT15,bristol_bay,tanner_crab,2015,male,74,0,4,0,0,0,4
TT15,bristol_bay,tanner_crab,2015,male,76,0,4,0,0,0,4
TT15,bristol_bay,tanner_crab,2015,male,77,0,1,0,0,0,1
TT15,bristol_bay,tanner_crab,2015,male,80,0,1,0,0,0,1
TT15,bristol_bay,tanner_crab,2015,male,82,0,3,0,0,0,3
TT15,bristol_bay,tanner_crab,2015,male,83,0,2,0,0,0,2
TT15,bristol_bay,tanner_crab,2015,male,84,0,1,0,0,0,1
TT15,bristol_bay,tanner_crab,2015,male,85,0,4,0,0,0,4
TT15,bristol_bay,tanner_crab,2015,male,86,0,11,0,0,0,11
TT15,bristol_bay,tanner_crab,2015,male,87,0,16,0,0,0,16
TT15,bristol_bay,tanner_crab,2015,male,88,0,12,0,0,0,12
TT15,bristol_bay,tanner_crab,2015,male,89,0,9,0,0,0,9
TT15,bristol_bay,tanner_crab,2015,male,90,0,14,0,0,0,14
TT15,bristol_bay,tanner_crab,2015,male,91,0,19,0,0,0,19
TT15,bristol_bay,tanner_crab,2015,male,92,0,20,0,0,0,20
TT15,bristol_bay,tanner_crab,2015,male,93,0,11,0,0,0,11
TT15,bristol_bay,tanner_crab,2015,male,94,0,7,0,0,0,7
TT15,bristol_bay,tanner_crab,2015,male,95,0,7,0,0,0,7
TT15,bristol_bay,tanner_crab,2015,male,96,0,14,0,0,0,14
TT15,bristol_bay,tanner_crab,2015,male,97,0,11,0,0,0,11
TT15,bristol_bay,tanner_crab,2015,male,98,0,8,0,0,0,8
TT15,bristol_bay,tanner_crab,2015,male,99,0,11,0,0,0,11
TT15,bristol_bay,tanner_crab,2015,male,100,0,4,0,0,0,4
TT15,bristol_bay,tanner_crab,2015,male,101,0,5,0,0,0,5
TT15,bristol_bay,tanner_crab,2015,male,102,0,6,0,0,0,6
TT15,bristol_bay,tanner_crab,2015,male,103,0,12,0,0,0,12
TT15,bristol_bay,tanner_crab,2015,male,104,0,6,0,0,0,6
TT15,bristol_bay,tanner_crab,2015,male,105,0,9,0,0,0,9
TT15,bristol_bay,tanner_crab,2015,male,106,0,10,0,0,0,10
TT15,bristol_bay,tanner_crab,2015,male,107,0,4,0,0,0,4
TT15,bristol_bay,tanner_crab,2015,male,108,0,10,1,0,0,11
TT15,bristol_bay,tanner_crab,2015,male,109,0,10,0,0,0,10
TT15,bristol_bay,tanner_crab,2015,male,110,0,11,0,0,1,12
TT15,bristol_bay,tanner_crab,2015,male,111,0,9,0,0,0,9
TT15,bristol_bay,tanner_crab,2015,male,112,0,12,0,0,0,12
TT15,bristol_bay,tanner_crab,2015,male,113,0,8,1,0,0,9
TT15,bristol_bay,tanner_crab,2015,male,114,0,17,0,0,0,17
TT15,bristol_bay,tanner_crab,2015,male,115,0,17,0,0,0,17
TT15,bristol_bay,tanner_crab,2015,male,116,0,11,0,0,1,12
TT15,bristol_bay,tanner_crab,2015,male,117,0,15,0,0,0,15
TT15,bristol_bay,tanner_crab,2015,male,118,0,10,0,0,0,10
TT15,bristol_bay,tanner_crab,2015,male,119,0,9,0,0,0,9
TT15,bristol_bay,tanner_crab,2015,male,120,0,7,0,0,0,7
TT15,bristol_bay,tanner_crab,2015,male,121,0,5,1,0,0,6
TT15,bristol_bay,tanner_crab,2015,male,122,0,12,0,0,0,12
TT15,bristol_bay,tanner_crab,2015,male,123,0,5,0,0,0,5
TT15,bristol_bay,tanner_crab,2015,male,124,0,4,0,0,0,4
TT15,bristol_bay,tanner_crab,2015,male,125,0,6,0,0,0,6
TT15,bristol_bay,tanner_crab,2015,male,126,0,4,0,0,0,4
TT15,bristol_bay,tanner_crab,2015,male,127,0,7,0,0,0,7
TT15,bristol_bay,tanner_crab,2015,male,128,0,8,0,0,0,8
TT15,bristol_bay,tanner_crab,2015,male,130,0,7,0,0,0,7
TT15,bristol_bay,tanner_crab,2015,male,131,0,2,1,0,0,3
TT15,bristol_bay,tanner_crab,2015,male,132,0,2,1,0,0,3
TT15,bristol_bay,tanner_crab,2015,male,133,0,1,1,0,0,2
TT15,bristol_bay,tanner_crab,2015,male,134,0,2,0,0,0,2
TT15,bristol_bay,tanner_crab,2015,male,135,0,3,0,0,0,3
TT15,bristol_bay,tanner_crab,2015,male,136,0,1,0,0,0,1
TT15,bristol_bay,tanner_crab,2015,male,137,0,2,0,0,0,2
TT15,bristol_bay,tanner_crab,2015,male,138,0,3,0,0,0,3
TT91,bristol_bay,tanner_crab,1991,male,64,0,1,0,0,0,1
TT91,bristol_bay,tanner_crab,1991,male,65,0,2,0,0,0,2
TT91,bristol_bay,tanner_crab,1991,male,66,0,1,0,0,0,1
TT91,bristol_bay,tanner_crab,1991,male,67,0,1,0,0,0,1
TT91,bristol_bay,tanner_crab,1991,male,69,0,4,0,0,0,4
TT91,bristol_bay,tanner_crab,1991,male,70,0,4,0,0,0,4
TT91,bristol_bay,tanner_crab,1991,male,72,0,3,0,0,0,3
TT91,bristol_bay,tanner_crab,1991,male,73,0,4,0,0,0,4
TT91,bristol_bay,tanner_crab,1991,male,74,0,4,0,0,0,4
TT91,bristol_bay,tanner_crab,1991,male,75,0,1,0,0,0,1
TT91,bristol_bay,tanner_crab,1991,male,76,0,1,0,0,0,1
TT91,bristol_bay,tanner_crab,1991,male,77,0,3,0,0,0,3
TT91,bristol_bay,tanner_crab,1991,male,78,0,3,0,0,0,3
TT91,bristol_bay,tanner_crab,1991,male,79,0,1,0,0,0,1
TT91,bristol_bay,tanner_crab,1991,male,80,0,6,0,0,0,6
TT91,bristol_bay,tanner_crab,1991,male,81,0,4,0,0,0,4
TT91,bristol_bay,tanner_crab,1991,male,83,0,1,0,0,0,1
TT91,bristol_bay,tanner_crab,1991,male,84,0,2,0,0,0,2
TT91,bristol_bay,tanner_crab,1991,male,85,0,4,1,0,0,5
TT91,bristol_bay,tanner_crab,1991,male,86,0,1,0,0,0,1
TT91,bristol_bay,tanner_crab,1991,male,87,0,3,0,0,0,3
TT91,bristol_bay,tanner_crab,1991,male,88,0,1,0,0,0,1
TT91,bristol_bay,tanner_crab,1991,male,89,0,6,0,0,0,6
TT91,bristol_bay,tanner_crab,1991,male,90,0,2,0,0,0,2
TT91,bristol_bay,tanner_crab,1991,male,91,0,3,0,0,0,3
TT91,bristol_bay,tanner_crab,1991,male,92,0,3,0,0,0,3
TT91,bristol_bay,tanner_crab,1991,male,93,0,2,0,0,0,2
TT91,bristol_bay,tanner_crab,1991,male,94,0,3,0,0,0,3
TT91,bristol_bay,tanner_crab,1991,male,95,0,1,1,0,0,2
TT91,bristol_bay,tanner_crab,1991,male,96,0,5,0,0,0,5
TT91,bristol_bay,tanner_crab,1991,male,97,0,11,0,0,0,11
TT91,bristol_bay,tanner_crab,1991,male,98,0,8,0,0,0,8
TT91,bristol_bay,tanner_crab,1991,male,99,0,6,0,0,0,6
TT91,bristol_bay,tanner_crab,1991,male,100,0,6,0,0,0,6
TT91,bristol_bay,tanner_crab,1991,male,101,0,10,0,0,0,10
TT91,bristol_bay,tanner_crab,1991,male,102,0,13,0,0,0,13
TT91,bristol_bay,tanner_crab,1991,male,103,0,6,0,0,0,6
TT91,bristol_bay,tanner_crab,1991,male,104,0,8,1,0,0,9
TT91,bristol_bay,tanner_crab,1991,male,105,0,8,0,0,0,8
TT91,bristol_bay,tanner_crab,1991,male,106,0,11,0,0,0,11
TT91,bristol_bay,tanner_crab,1991,male,107,0,4,0,0,0,4
TT91,bristol_bay,tanner_crab,1991,male,108,0,13,0,0,0,13
TT91,bristol_bay,tanner_crab,1991,male,109,0,9,0,0,0,9
TT91,bristol_bay,tanner_crab,1991,male,110,0,9,0,0,0,9
TT91,bristol_bay,tanner_crab,1991,male,111,0,7,0,0,1,8
TT91,bristol_bay,tanner_crab,1991,male,112,0,2,0,0,0,2
TT91,bristol_bay,tanner_crab,1991,male,113,0,10,1,0,0,11
TT91,bristol_bay,tanner_crab,1991,male,114,0,5,0,0,0,5
TT91,bristol_bay,tanner_crab,1991,male,115,0,9,0,1,0,10
TT91,bristol_bay,tanner_crab,1991,male,116,0,5,2,0,0,7
TT91,bristol_bay,tanner_crab,1991,male,117,0,8,0,1,0,9
TT91,bristol_bay,tanner_crab,1991,male,118,1,11,0,0,0,12
TT91,bristol_bay,tanner_crab,1991,male,119,0,11,0,0,0,11
TT91,bristol_bay,tanner_crab,1991,male,120,0,8,3,0,0,11
TT91,bristol_bay,tanner_crab,1991,male,121,0,8,5,0,0,13
TT91,bristol_bay,tanner_crab,1991,male,122,0,8,1,0,0,9
TT91,bristol_bay,tanner_crab,1991,male,123,0,9,2,0,0,11
TT91,bristol_bay,tanner_crab,1991,male,124,0,8,0,0,0,8
TT91,bristol_bay,tanner_crab,1991,male,125,0,9,3,0,0,12
TT91,bristol_bay,tanner_crab,1991,male,126,0,7,1,0,1,9
TT91,bristol_bay,tanner_crab,1991,male,127,0,8,2,1,0,11
TT91,bristol_bay,tanner_crab,1991,male,128,0,9,3,0,0,12
TT91,bristol_bay,tanner_crab,1991,male,129,0,12,1,0,0,13
TT91,bristol_bay,tanner_crab,1991,male,130,0,14,3,0,0,17
TT91,bristol_bay,tanner_crab,1991,male,131,0,14,2,0,0,16
TT91,bristol_bay,tanner_crab,1991,male,132,0,11,1,0,1,13
TT91,bristol_bay,tanner_crab,1991,male,133,0,12,5,0,0,17
TT91,bristol_bay,tanner_crab,1991,male,134,0,13,2,0,1,16
TT91,bristol_bay,tanner_crab,1991,male,135,0,13,0,1,0,14
TT91,bristol_bay,tanner_crab,1991,male,136,1,13,0,0,0,14
TT91,bristol_bay,tanner_crab,1991,male,137,0,9,1,0,0,10
TT91,bristol_bay,tanner_crab,1991,male,138,0,2,0,0,0,2
TT91,bristol_bay,tanner_crab,1991,male,139,0,5,0,0,0,5
TT91,bristol_bay,tanner_crab,1991,male,140,0,1,0,0,0,1
TT91,bristol_bay,tanner_crab,1991,male,143,0,0,1,0,0,1
TT91,bristol_bay,tanner_crab,1991,male,145,0,2,0,0,0,2
TT91,bristol_bay,tanner_crab,1991,male,146,0,0,1,1,0,2
TT91,bristol_bay,tanner_crab,1991,male,150,0,0,2,0,0,2
TT91,bristol_bay,tanner_crab,1991,male,151,0,1,0,0,0,1
TT91,bristol_bay,tanner_crab,1991,male,154,0,1,0,0,0,1
TT91,bristol_bay,tanner_crab,1991,male,161,0,0,0,1,0,1
TT91,bristol_bay,tanner_crab,1991,male,162,0,1,0,0,0,1
TT91,bristol_bay,tanner_crab,1991,male,163,0,0,1,0,0,1
TT92,bristol_bay,tanner_crab,1992,male,75,0,1,0,0,0,1
TT92,bristol_bay,tanner_crab,1992,male,84,0,3,0,0,0,3
TT92,bristol_bay,tanner_crab,1992,male,85,0,1,0,0,0,1
TT92,bristol_bay,tanner_crab,1992,male,86,0,3,0,0,0,3
TT92,bristol_bay,tanner_crab,1992,male,87,0,3,0,0,0,3
TT92,bristol_bay,tanner_crab,1992,male,88,0,2,0,0,0,2
TT92,bristol_bay,tanner_crab,1992,male,89,0,2,0,0,0,2
TT92,bristol_bay,tanner_crab,1992,male,91,0,5,0,0,0,5
TT92,bristol_bay,tanner_crab,1992,male,92,0,2,0,0,0,2
TT92,bristol_bay,tanner_crab,1992,male,93,0,4,0,0,0,4
TT92,bristol_bay,tanner_crab,1992,male,94,0,4,0,0,0,4
TT92,bristol_bay,tanner_crab,1992,male,95,0,3,1,0,0,4
TT92,bristol_bay,tanner_crab,1992,male,96,0,7,0,0,0,7
TT92,bristol_bay,tanner_crab,1992,male,97,0,8,0,0,0,8
TT92,bristol_bay,tanner_crab,1992,male,98,0,4,0,0,0,4
TT92,bristol_bay,tanner_crab,1992,male,99,0,2,0,0,0,2
TT92,bristol_bay,tanner_crab,1992,male,100,0,5,0,0,0,5
TT92,bristol_bay,tanner_crab,1992,male,101,0,6,0,0,0,6
TT92,bristol_bay,tanner_crab,1992,male,102,0,2,0,0,0,2
TT92,bristol_bay,tanner_crab,1992,male,103,0,9,0,0,0,9
TT92,bristol_bay,tanner_crab,1992,male,104,0,1,0,0,0,1
TT92,bristol_bay,tanner_crab,1992,male,105,0,3,0,0,0,3
TT92,bristol_bay,tanner_crab,1992,male,106,0,5,1,0,0,6
TT92,bristol_bay,tanner_crab,1992,male,107,0,5,0,0,0,5
TT92,bristol_bay,tanner_crab,1992,male,108,0,7,0,0,0,7
TT92,bristol_bay,tanner_crab,1992,male,109,0,4,0,0,0,4
TT92,bristol_bay,tanner_crab,1992,male,110,0,4,0,0,0,4
TT92,bristol_bay,tanner_crab,1992,male,111,0,3,0,0,0,3
TT92,bristol_bay,tanner_crab,1992,male,112,0,8,0,0,0,8
TT92,bristol_bay,tanner_crab,1992,male,113,0,6,0,0,0,6
TT92,bristol_bay,tanner_crab,1992,male,114,0,7,1,0,0,8
TT92,bristol_bay,tanner_crab,1992,male,115,0,6,0,0,0,6
TT92,bristol_bay,tanner_crab,1992,male,116,0,3,0,0,0,3
TT92,bristol_bay,tanner_crab,1992,male,117,0,10,0,0,0,10
TT92,bristol_bay,tanner_crab,1992,male,118,0,3,0,0,0,3
TT92,bristol_bay,tanner_crab,1992,male,119,0,4,0,0,0,4
TT92,bristol_bay,tanner_crab,1992,male,120,0,5,0,0,0,5
TT92,bristol_bay,tanner_crab,1992,male,121,0,4,0,0,0,4
TT92,bristol_bay,tanner_crab,1992,male,122,0,6,0,0,0,6
TT92,bristol_bay,tanner_crab,1992,male,123,0,2,0,0,0,2
TT92,bristol_bay,tanner_crab,1992,male,124,0,8,0,0,0,8
TT92,bristol_bay,tanner_crab,1992,male,125,0,3,0,0,0,3
TT92,bristol_bay,tanner_crab,1992,male,126,0,4,0,0,0,4
TT92,bristol_bay,tanner_crab,1992,male,127,0,3,0,0,0,3
TT92,bristol_bay,tanner_crab,1992,male,128,0,3,0,0,0,3
TT92,bristol_bay,tanner_crab,1992,male,129,0,5,0,0,0,5
TT92,bristol_bay,tanner_crab,1992,male,130,0,3,0,0,0,3
TT92,bristol_bay,tanner_crab,1992,male,131,0,1,1,0,0,2
TT92,bristol_bay,tanner_crab,1992,male,132,0,1,2,0,0,3
TT92,bristol_bay,tanner_crab,1992,male,133,0,3,0,0,0,3
TT92,bristol_bay,tanner_crab,1992,male,134,0,1,0,0,0,1
TT92,bristol_bay,tanner_crab,1992,male,135,0,5,1,0,0,6
TT92,bristol_bay,tanner_crab,1992,male,136,0,1,0,0,0,1
TT92,bristol_bay,tanner_crab,1992,male,137,0,1,0,0,0,1
TT92,bristol_bay,tanner_crab,1992,male,145,0,1,0,0,0,1
TT93,bristol_bay,tanner_crab,1993,male,87,0,1,0,0,0,1
TT93,bristol_bay,tanner_crab,1993,male,89,0,1,0,0,0,1
TT93,bristol_bay,tanner_crab,1993,male,92,0,1,0,0,0,1
TT93,bristol_bay,tanner_crab,1993,male,95,0,1,0,0,0,1
TT93,bristol_bay,tanner_crab,1993,male,96,0,3,0,0,0,3
TT93,bristol_bay,tanner_crab,1993,male,97,0,3,0,0,0,3
TT93,bristol_bay,tanner_crab,1993,male,98,0,4,0,0,0,4
TT93,bristol_bay,tanner_crab,1993,male,99,0,2,0,0,0,2
TT93,bristol_bay,tanner_crab,1993,male,100,0,4,0,0,0,4
TT93,bristol_bay,tanner_crab,1993,male,101,0,3,0,0,0,3
TT93,bristol_bay,tanner_crab,1993,male,102,0,3,0,0,0,3
TT93,bristol_bay,tanner_crab,1993,male,103,0,6,0,0,0,6
TT93,bristol_bay,tanner_crab,1993,male,104,0,8,0,0,0,8
TT93,bristol_bay,tanner_crab,1993,male,105,0,6,0,0,0,6
TT93,bristol_bay,tanner_crab,1993,male,106,0,7,0,0,0,7
TT93,bristol_bay,tanner_crab,1993,male,107,0,4,0,0,0,4
TT93,bristol_bay,tanner_crab,1993,male,108,0,5,0,0,0,5
TT93,bristol_bay,tanner_crab,1993,male,109,0,7,0,0,0,7
TT93,bristol_bay,tanner_crab,1993,male,110,0,6,0,0,0,6
TT93,bristol_bay,tanner_crab,1993,male,111,0,6,1,0,0,7
TT93,bristol_bay,tanner_crab,1993,male,112,0,8,0,0,0,8
TT93,bristol_bay,tanner_crab,1993,male,113,0,6,0,0,0,6
TT93,bristol_bay,tanner_crab,1993,male,114,0,6,0,0,0,6
TT93,bristol_bay,tanner_crab,1993,male,115,0,3,0,0,0,3
TT93,bristol_bay,tanner_crab,1993,male,116,0,6,0,0,0,6
TT93,bristol_bay,tanner_crab,1993,male,117,0,3,0,0,0,3
TT93,bristol_bay,tanner_crab,1993,male,118,0,8,0,0,0,8
TT93,bristol_bay,tanner_crab,1993,male,119,0,3,0,0,0,3
TT93,bristol_bay,tanner_crab,1993,male,120,0,2,0,0,0,2
TT93,bristol_bay,tanner_crab,1993,male,121,0,5,0,0,0,5
TT93,bristol_bay,tanner_crab,1993,male,122,0,3,0,0,0,3
TT93,bristol_bay,tanner_crab,1993,male,123,0,1,0,0,0,1
TT93,bristol_bay,tanner_crab,1993,male,124,0,3,0,0,0,3
TT93,bristol_bay,tanner_crab,1993,male,125,0,3,0,0,0,3
TT93,bristol_bay,tanner_crab,1993,male,126,0,1,0,0,0,1
TT93,bristol_bay,tanner_crab,1993,male,127,0,3,0,0,0,3
TT93,bristol_bay,tanner_crab,1993,male,128,0,3,0,0,0,3
TT93,bristol_bay,tanner_crab,1993,male,129,0,3,0,0,0,3
TT93,bristol_bay,tanner_crab,1993,male,130,0,4,0,0,0,4
TT93,bristol_bay,tanner_crab,1993,male,131,0,4,0,0,0,4
TT93,bristol_bay,tanner_crab,1993,male,132,0,2,0,0,0,2
TT93,bristol_bay,tanner_crab,1993,male,133,0,5,0,0,0,5
TT93,bristol_bay,tanner_crab,1993,male,134,0,3,0,0,0,3
TT93,bristol_bay,tanner_crab,1993,male,135,0,3,1,0,0,4
TT93,bristol_bay,tanner_crab,1993,male,138,0,1,0,0,0,1
TT94,bristol_bay,tanner_crab,1994,male,112,0,0,0,0,1,1
TT94,bristol_bay,tanner_crab,1994,male,116,0,1,0,0,0,1
TT94,bristol_bay,tanner_crab,1994,male,117,0,1,0,0,0,1
TT94,bristol_bay,tanner_crab,1994,male,127,0,0,0,0,1,1
TT94,bristol_bay,tanner_crab,1994,male,129,0,1,0,0,0,1
TT94,bristol_bay,tanner_crab,1994,male,130,0,1,0,0,0,1
TT94,bristol_bay,tanner_crab,1994,male,132,0,0,0,0,1,1
TT94,bristol_bay,tanner_crab,1994,male,133,0,0,0,0,1,1
TT94,bristol_bay,tanner_crab,1994,male,134,0,1,0,0,0,1
TT94,bristol_bay,tanner_crab,1994,male,137,0,1,0,0,0,1
TT94,bristol_bay,tanner_crab,1994,male,138,0,1,0,0,0,1
TT94,bristol_bay,tanner_crab,1994,male,152,0,1,0,0,0,1
